{"init_params": {"cat_dims": [], "cat_emb_dim": 1, "cat_idxs": [], "clip_value": 1, "device_name": "auto", "epsilon": 1e-15, "gamma": 1.3, "input_dim": 100, "lambda_sparse": 0.001, "mask_type": "sparsemax", "momentum": 0.02, "n_a": 8, "n_d": 8, "n_indep_decoder": 1, "n_independent": 2, "n_shared": 2, "n_shared_decoder": 1, "n_steps": 3, "optimizer_params": {"lr": 0.002}, "output_dim": 1, "scheduler_params": {"gamma": 0.9, "step_size": 5}, "seed": 0, "verbose": 1}, "class_attrs": {"preds_mapper": null}}